{"categories":[	{"name":"IT", "categories":[{"name":"综合资讯","code":0,"priority":0,"contentType":0,"cptPeriodHour":12,"cptStepCount":16},
                                                {"name":"程序轶事","code":1,"priority":10,"cptPeriodHour":12},
										        {"name":"程序人生","code":2,"priority":1, "cptPeriodHour":12,"cptStepCount":10}]},
 				{"name":"苹果",    "categories":[{"name":"新闻资讯","code":10,"priority":5,"cptPeriodHour":12,"cptStepCount":3},
                                              	{"name":"开发资讯","code":11,"priority":1,"cptPeriodHour":12},
												{"name":"开发技术","code":12,"priority":1,"cptPeriodHour":12}]},
				{"name":"安卓",    "categories":[{"name":"新闻资讯","code":20,"priority":7,"cptPeriodHour":12,"cptStepCount":3},
											    {"name":"开发技术","code":21,"priority":2,"cptPeriodHour":12,"cptStepCount":2}]},
                {"name":"游戏",     "categories":[{"name":"新闻资讯","code":30,"priority":6,"cptPeriodHour":12,"cptStepCount":3},
			   								     {"name":"开发技术","code":31,"priority":6,"cptPeriodHour":12,"cptStepCount":2}]},
			    {"name":"Web",     "categories":[{"name":"开发资讯","code":40,"priority":0,"cptPeriodHour":12},
											    {"name":"开发技术","code":41,"priority":2,"cptPeriodHour":12,"cptStepCount":2}]},
				{"name":"开发语言", "categories":[{"name":"|C/C++","code":50,"priority":0,"cptPeriodHour":12},
												{"name":"|PHP","code":51,"priority":2,"cptPeriodHour":12},
												{"name":"|Java","code":52,"priority":2,"cptPeriodHour":12}]},
				{"name":"设计&管理","categories":[{"name":"|程序设计","code":60,"priority":0,"cptPeriodHour":12,"cptStepCount":3},
												{"name":"|产品管理","code":61,"priority":3,"cptPeriodHour":12,"cptStepCount":3},
                                                {"name":"|运营推广","code":62,"priority":3,"cptPeriodHour":12,"cptStepCount":2}]}
    ],
	"matchedArticleUriRegexes":["www.csdn.net/article",
								"blog.csdn.net/\\w+/article/details/\\d+",
								"cocoachina.com/+(applenews|newbie|iphonedev|gamedev|appreview|appstore)/.*/\\d+.html",
								"eoe.cn",
								"yesky.com",
                                "www.shushao.com/.+/item/.+?",
                                "www.cnblogs.com/.+?/p/.+?.html",
								"www.cnblogs.com/\\w+/articles/\\w+.html",
								"www.cnblogs.com/\\w+/archive/\\d+/\\d+/\\d+/[\\w-]+.html",
                                "news.cnblogs.com/n/\\d+",
								"kb.cnblogs.com/page/\\d+/?",
                                "w3cfuns.com/article-\\d+-\\d+.html",
                                "android-study.net",
                                "gamerboom.com/archives",
								"aqee.net/(?!(top-share|top-comment))[\\w-]+/?$",
                                "vaikan.com/(?!(top-share|top-comment))[\\w-]+/?$",
                                "blog.jobbole.com/\\d+/?",
								"news.ipadown.com/\\d+",
                                "www.36kr.com/p/\\d+(.html)?",
                                "www.woshipm.com/.+?/\\d+.html$",
                                "www.cnbeta.com/articles/\\d+.htm",
								"www.qianduan.net/[\\w-]+.html",
                                "www.jbxue.com/article/(\\w+/)?\\d+.html",
                                "www.itsoku.com/video/sp/\\d+/v/\\d+.shtml",
                                "www.gamelook.com.cn/\\d+/\\d+/\\d+",
                                "www.ifanr.com/\\d+",
								"www.tuicool.com/articles/\\w+",
								"tech.163.com/\\d+/\\d+/\\d+/\\w+.html"
                                ]
}