{
	"articleCountPerDownloadRequest":2,
	"showAd":0,"showAdBanner":1,"showAdSpot":1,"showAdWall":1,
	"encryptKey":"123456",
	"signature":"",
	"softRecommend":{"title":"《程序员读》精心为程序员打造的阅读软件",
    "desc":"挖掘细致的阅读习惯，\r\n热门开发分类，\r\n在线视频观看，\r\n下载离线阅读，\r\n片段选择分享，\r\n网络收藏摘抄，\r\n二维码快速扫描，\r\n日夜间模式摇一摇轻松切换。","url":"https://itunes.apple.com/cn/app/cheng-xu-yuan-du/id730235540"},
	"shareArticleLink":{"shareArticleLink":1,"shareUriFormatId":"article/id/$id$.html","shareUriFormatUrl":"article/ul/$url$.html"}
}